{"names": ["JAY-Z - Empire State Of Mind (feat. Alicia Keys)", "JPEGMAFIA - CUTIE PIE!", "Kanye West - All Mine", "Kanye West - Diamonds from Sierra Leone (Bonus Track)", "Kanye West - I Thought About Killing You", "Kanye West - Love Lockdown", "Kanye West - No Mistakes", "Kanye West - Street Lights", "Kanye West - Welcome To Heartbreak (feat. Kid Cudi)", "Kanye West - Wouldn't Leave", "KIDS SEE GHOSTS - KIDS SEE GHOSTS", "Paramore - The News", "Radiohead - Worrywort", "Phoebe Bridgers - Savior Complex", "Radiohead - All I Need", "Radiohead - Bangers + Mash", "Radiohead - Faust Arp", "Radiohead - Jigsaw Falling Into Place", "Radiohead - No Surprises", "Radiohead - Nude", "Radiohead - Weird Fishes / Arpeggi"], "chunks": [61, 42, 62, 81, 80, 62, 34, 36, 53, 69, 74, 51, 36, 21, 37, 38, 26, 43, 26, 26], "start": [1678734784.8074327, 1678735343.3780708, 1678735497.3625872, 1678736073.257549, 1678736507.5754106, 1678736967.325352, 1678737340.5047834, 1678737531.2692952, 1678737819.0081015, 1678738241.4041972, 1678738553.6601098, 1678738989.557417, 1678739250.223992, 1678793745.9670067, 1678793918.0797977, 1678794086.2285385, 1678794998.8409355, 1678795492.9672472, 1678795740.1468859, 1678796626.3786595], "end": [1678735079.3103552, 1678735493.738443, 1678735679.040242, 1678736503.1091719, 1678736963.162083, 1678737336.8233292, 1678737525.9803805, 1678737814.5039399, 1678738237.38672, 1678738549.4361367, 1678738985.5846653, 1678739245.8041582, 1678739490.1261342, 1678793914.45227, 1678794082.571726, 1678794301.2454062, 1678795152.2199092, 1678795736.922771, 1678795969.057792, 1678796821.4603188], "runtimes": [277.0, 145.0, 146.0, 238.0, 274.0, 270.0, 123.0, 190.0, 263.0, 206.0, 245.0, 188.0, 278.0, 244.0, 229.0, 200.0, 130.0, 249.0, 229.0, 280.0], "previous_gentimes": ["8:46.98", "6:55.27", "9:48.05", "12:32.19", "12:23.55", "9:48.05", "5:46.16", "6:03.44", "8:30.30", "10:48.52", "11:31.72", "8:13.02", "6:03.44", "3:53.85", "6:12.08", "6:20.71", "4:37.05", "7:03.91", "4:37.05", "4:37.05"]}